{"cameraMode":{"drawMode":0,"name":"Shaded","section":"Shading Mode"},"sceneLighting":true,"audioPlay":false,"sceneViewState":{"m_AlwaysRefresh":false,"showFog":false,"showSkybox":true,"showFlares":false,"showImageEffects":false,"showParticleSystems":false,"showVisualEffectGraphs":true,"m_FxEnabled":true},"in2DMode":false,"pivot":{"x":-0.6730902194976807,"y":-3.685579776763916,"z":-11.209409713745118},"rotation":{"x":-0.4175986051559448,"y":-0.002174701541662216,"z":0.0010201953118667007,"w":-0.9086089134216309},"size":25.688766479492189,"orthographic":false}