{"cameraMode":{"drawMode":0,"name":"Shaded","section":"Shading Mode"},"sceneLighting":true,"audioPlay":false,"sceneViewState":{"m_AlwaysRefresh":false,"showFog":false,"showSkybox":true,"showFlares":false,"showImageEffects":false,"showParticleSystems":false,"showVisualEffectGraphs":true,"m_FxEnabled":true},"in2DMode":false,"pivot":{"x":1.5176118612289429,"y":3.7547736167907717,"z":-10.89267635345459},"rotation":{"x":-0.42440688610076907,"y":0.0018993144622072578,"z":-0.0008905449067242444,"w":-0.9054635763168335},"size":12.461819648742676,"orthographic":false}